{
  "val": {
    "roc_auc": 0.688138642503646,
    "pr_auc": 0.47493423782918054,
    "recall_at_10pct": 0.23770104068117312
  },
  "test": {
    "roc_auc": 0.6968896046351821,
    "pr_auc": 0.48814882107609037,
    "recall_at_10pct": 0.24010367577756833
  }
}